scenario,Revenue,Direct_Costs,Losses,Gross_Profit,Gross_Margin,Variable_Opex,Contribution_Profit,Contribution_Margin,Fixed_Opex,EBIT,Operating_Margin,Rev_bps_of_TPV,CostPlusLoss_bps_of_TPV
Base,9250000.0,5950000.0,1800000.0,1500000.0,0.16216216216216217,1665000.0,-165000.0,-0.01783783783783784,55000000.0,-55165000.0,-5.963783783783784,92.5,77.5
Best,11042500.0,6267500.0,1568000.0,3207000.0,0.29042336427439436,1877225.0000000002,1329774.9999999998,0.12042336427439436,54000000.0,-52670225.0,-4.769773601992302,98.59375,69.95982142857143
Downside,8188000.000000001,5865000.0,2392000.0,-68999.99999999907,-0.008426966292134717,1555720.0000000002,-1624719.9999999993,-0.19842696629213472,57000000.0,-58624720.0,-7.159833903273082,89.00000000000001,89.75
Fee_Shock,9250000.0,6550000.0,1800000.0,900000.0,0.0972972972972973,1665000.0,-765000.0,-0.0827027027027027,55000000.0,-55765000.0,-6.028648648648649,92.5,83.5
Loss_Shock,9250000.0,5950000.0,3000000.0,300000.0,0.032432432432432434,1665000.0,-1365000.0,-0.14756756756756756,55000000.0,-56365000.0,-6.093513513513513,92.5,89.5
